chrom1	start1	end1	chrom2	start2	end2	name	score	strand1	strand2	vaf1	vaf2	pos1	pos2
1	118516221	118516222	1	118516185	118516186	gridss47fb_59h.gridss47fb_59o	3447.02	-	+	0.414	0.406	118516221	118516185
1	208014817	208014822	1	207981228	207981233	gridss83fb_92h.gridss83fb_92o	1777.14	-	+	0.215	0.135	208014819	207981230
1	224786033	224786034	1	224782794	224782795	gridss89fb_300h.gridss89fb_300o	6276.25	-	+	0.341	0.357	224786033	224782794
1	224800119	224800120	1	224646602	224646603	gridss89bf_129h.gridss89bf_129o	4860.77	+	-	0.296	0.291	224800119	224646602
3	24566178	24566182	3	24565105	24565109	gridss207bb_2h.gridss207bb_2o	13695.02	-	-	0.352	0.609	24566180	24565106
3	26664497	26664499	3	26663920	26663922	gridss207ff_208h.gridss207ff_208o	12983.54	+	+	0.46	0.333	26664498	26663920
3	60204542	60204543	3	60132753	60132754	gridss221fb_91h.gridss221fb_91o	3113.75	-	+	0.236	0.231	60204542	60132753
3	60204585	60204586	3	60204584	60204585	gridss221fb_100h.gridss221fb_100o	803.06	-	+	0.153	0.152	60204585	60204584
3	61013212	61013215	3	60872122	60872125	gridss221fb_163h.gridss221fb_163o	3644.29	-	+	0.245	0.25	61013213	60872123
3	186513631	186513634	3	186442173	186442176	gridss271fb_326h.gridss271fb_326o	789.6	-	+	0.055	0.06	186513632	186442174
4	66212036	66212041	4	66211954	66211959	gridss302bf_99h.gridss302bf_99o	2107.45	+	-	0.364	0.359	66212038	66211956
4	187996380	187996382	4	187996320	187996322	gridss351bf_106h.gridss351bf_106o	2623.52	+	-	0.362	0.372	187996380	187996320
5	28963095	28963096	5	28787995	28787996	gridss364fb_65h.gridss364fb_65o	3345.95	-	+	0.521	0.542	28963095	28787995
5	178973320	178973323	5	178973286	178973289	gridss424fb_156h.gridss424fb_156o	7031.15	-	+	0.57	0.575	178973321	178973287
6	26194038	26194041	3	26431916	26431919	gridss207bb_163h.gridss207bb_163o	6345.71	-	-	0.431	0.286	26194039	26431917
6	26194405	26194406	6	26194116	26194117	gridss435ff_118h.gridss435ff_118o	3880.05	+	+	0.31	0.253	26194405	26194116
7	52440386	52440388	7	52440352	52440354	gridss514fb_182h.gridss514fb_182o	7840.24	-	+	0.392	0.392	52440386	52440352
7	57496108	57496111	7	57471575	57471578	gridss516fb_427h.gridss516fb_427o	7540.4	-	+	0.511	0.472	57496109	57471576
7	78082248	78082249	7	77981838	77981839	gridss525fb_57h.gridss525fb_57o	3590.63	-	+	0.252	0.254	78082248	77981838
7	78257684	78257687	7	78190204	78190207	gridss525fb_75h.gridss525fb_75o	3148.99	-	+	0.249	0.231	78257685	78190205
7	85853699	85853700	7	85844667	85844668	gridss528bf_22h.gridss528bf_22o	4129.85	+	-	0.229	0.22	85853699	85844667
7	104612299	104612302	7	104485066	104485069	gridss535bf_81h.gridss535bf_81o	7525.08	+	-	0.322	0.331	104612300	104485067
7	110394460	110394461	7	110393331	110393332	gridss538fb_15h.gridss538fb_15o	3522.52	-	+	0.222	0.23	110394460	110393331
7	126166900	126166901	7	125746122	125746123	gridss544fb_65h.gridss544fb_65o	6728.99	-	+	0.329	0.513	126166900	125746122
7	126167440	126167444	7	126098487	126098491	gridss544bb_33h.gridss544bb_33o	6826.11	-	-	0.297	0.494	126167442	126098488
8	78517775	78517779	8	78515532	78515536	gridss589fb_39h.gridss589fb_39o	474.28	-	+	0.07	0.073	78517776	78515533
8	78518233	78518237	8	78517775	78517779	gridss589ff_8h.gridss589ff_8o	222.31	+	+	0.043	0.043	78518235	78517776
8	112063211	112063212	8	78517419	78517420	gridss589bb_10h.gridss589bb_10o	437.18	-	-	0.044	0.051	112063211	78517419
8	112063329	112063330	8	78518239	78518240	gridss589bf_8h.gridss589bf_8o	441.86	+	-	0.047	0.052	112063329	78518239
8	112063581	112063583	8	112062418	112062420	gridss602fb_47h.gridss602fb_47o	710.32	-	+	0.068	0.062	112063581	112062418
8	131274644	131274647	8	131248114	131248117	gridss610bf_40h.gridss610bf_40o	1825.75	+	-	0.126	0.157	131274645	131248115
9	28034466	28034467	9	28031862	28031863	gridss627bb_34h.gridss627bb_34o	3247.45	-	-	0.509	0.498	28034466	28031862
9	28059139	28059140	9	28031834	28031835	gridss627ff_34h.gridss627ff_34o	3552.45	+	+	0.574	0.526	28059139	28031834
9	28157691	28157693	9	28034297	28034299	gridss627fb_81h.gridss627fb_81o	2316.28	-	+	0.45	0.491	28157691	28034297
10	36119060	36119061	10	33386452	33386453	gridss686fb_82h.gridss686fb_82o	2301.5	-	+	0.267	0.247	36119060	33386452
10	36119126	36119127	1	87337010	87337011	gridss34ff_107h.gridss34ff_107o	2454.77	+	+	0.276	0.276	36119126	87337010
10	55476895	55476901	10	55476343	55476349	gridss695fb_15h.gridss695fb_15o	525.95	-	+	0.138	0.133	55476897	55476345
10	60477223	60477224	3	25401058	25401059	gridss207fb_184h.gridss207fb_184o	4556.81	-	+	0.433	0.176	60477223	25401058
10	83827665	83827666	10	83641805	83641806	gridss706fb_36h.gridss706fb_36o	884.39	-	+	0.14	0.159	83827665	83641805
10	86057424	86058119	10	36118407	36119259	gridss687ff_31h.gridss687ff_31o	164.56	+	+	0.023	0.015	86057424	36118407
10	89712340	89712341	10	89700298	89700299	gridss708fb_131h.gridss708fb_131o	6614.5	-	+	1	0.993	89712340	89700298
11	40859238	40859239	11	37460102	37460103	gridss742ff_12h.gridss742ff_12o	388.72	+	+	0.051	0.049	40859238	37460102
11	40859856	40859860	11	37459923	37459927	gridss742bb_11h.gridss742bb_11o	428.49	-	-	0.066	0.064	40859858	37459924
11	81093779	81093784	11	80785597	80785602	gridss759fb_46h.gridss759fb_46o	4342.11	-	+	0.405	0.468	81093781	80785599
12	72666891	72666892	3	25400601	25400602	gridss207fb_181h.gridss207fb_181o	5254.92	-	+	0.339	0.154	72666891	25400601
12	72667073	72667074	10	60477421	60477422	gridss697ff_11h.gridss697ff_11o	6154.84	+	+	0.341	0.472	72667073	60477421
12	92161181	92161183	12	92161145	92161147	gridss818fb_27h.gridss818fb_27o	2742.22	-	+	0.302	0.291	92161181	92161145
14	41244104	41244108	14	41217951	41217955	gridss897bf_24h.gridss897bf_24o	875.2	+	-	0.08	0.084	41244105	41217952
14	73014745	73014747	14	73014648	73014650	gridss910bf_15h.gridss910bf_15o	4368.84	+	-	0.601	0.532	73014745	73014648
15	23712616	23712619	6	138774179	138774182	gridss480ff_64h.gridss480ff_64o	3342.51	+	+	0.185	0.284	23712617	138774180
15	23717165	23717166	6	138774058	138774059	gridss480bb_60h.gridss480bb_60o	2744.39	-	-	0.191	0.282	23717165	138774058
15	23992699	23992703	15	23831657	23831661	gridss933ff_36h.gridss933ff_36o	5066.51	+	+	0.428	0.296	23992701	23831658
15	41628505	41628510	15	41621291	41621296	gridss940bf_39h.gridss940bf_39o	3955.88	+	-	0.462	0.425	41628507	41621293
15	84810724	84810725	7	150746656	150746657	gridss554fb_106h.gridss554fb_106o	4525.53	-	+	0.417	0.397	84810724	150746656
16	58663330	58663331	16	58624544	58624545	gridss988fb_159h.gridss988fb_159o	6023.65	-	+	1	1	58663330	58624544
16	79095000	79095007	16	78928632	78928639	gridss996fb_109h.gridss996fb_109o	3422.61	-	+	0.478	0.513	79095003	78928635
18	9868616	9868617	10	7634372	7634373	gridss676bb_3h.gridss676bb_3o	2002.54	-	-	0.205	0.222	9868616	7634372
18	66382825	66382828	18	66379459	66379462	gridss1060fb_111h.gridss1060fb_111o	2414.34	-	+	0.259	0.299	66382826	66379460
19	17396809	17396811	10	7059510	7059512	gridss675bf_67h.gridss675bf_67o	3264.52	+	-	0.318	0.349	17396809	7059510
19	17397639	17397644	10	7132871	7132876	gridss675fb_329h.gridss675fb_329o	2795.68	-	+	0.265	0.271	17397641	7132873
19	28300902	28300903	1	199952581	199952582	gridss79ff_102h.gridss79ff_102o	511.82	+	+	0.077	0.068	28300902	199952581
20	13164099	13164103	20	13160726	13160730	gridss1094fb_59h.gridss1094fb_59o	6231.55	-	+	0.507	0.443	13164100	13160727
20	15013841	15013844	20	15000621	15000624	gridss1095fb_36h.gridss1095fb_36o	3354.89	-	+	0.369	0.336	15013842	15000622
20	15013947	15013951	20	14962954	14962958	gridss1095fb_34h.gridss1095fb_34o	3325.98	-	+	0.293	0.234	15013948	14962955
20	15108817	15108819	20	14988823	14988825	gridss1095fb_35h.gridss1095fb_35o	1636.74	-	+	0.106	0.137	15108817	14988823
20	37274466	37274467	15	23686071	23686072	gridss933bb_41h.gridss933bb_41o	514.56	-	-	0.095	0.083	37274466	23686071
20	37274466	37274468	15	23685606	23685608	gridss933bb_40h.gridss933bb_40o	1369.6	-	-	0.153	0.144	37274467	23685606
20	37274666	37274667	15	23706878	23706879	gridss933bf_69h.gridss933bf_69o	2504.24	+	-	0.144	0.152	37274666	23706878
21	42820831	42820837	21	42818738	42818744	gridss1131fb_156h.gridss1131fb_156o	1114.21	-	+	0.127	0.124	42820833	42818740
22	33838398	33838399	22	33759248	33759249	gridss1147fb_97h.gridss1147fb_97o	3228.9	-	+	0.274	0.222	33838398	33759248
X	31216210	31216211	X	31196942	31196943	gridss1166fb_177h.gridss1166fb_177o	3468.47	-	+	0.44	0.484	31216210	31196942
X	32038749	32038750	X	31301202	31301203	gridss1167fb_2h.gridss1167fb_2o	3559.36	-	+	0.491	0.503	32038749	31301202
X	32201250	32201253	X	32098530	32098533	gridss1167fb_14h.gridss1167fb_14o	2926.9	-	+	0.899	0.943	32201251	32098531
X	32293096	32293097	X	32077854	32077855	gridss1167fb_11h.gridss1167fb_11o	4144.53	-	+	0.526	0.506	32293096	32077854
X	34062704	34062705	X	34059777	34059778	gridss1168fb_4h.gridss1168fb_4o	4983.57	-	+	1.01	1.01	34062704	34059777
