chrom	pos	vaf	id	mateid	qual
1	87337010	0.276	gridss34ff_107o	gridss34ff_107h	2454.77
1	118516185	0.406	gridss47fb_59o	gridss47fb_59h	3447.02
1	118516221	0.414	gridss47fb_59h	gridss47fb_59o	3447.02
1	199952581	0.068	gridss79ff_102o	gridss79ff_102h	511.82
1	207981230	0.135	gridss83fb_92o	gridss83fb_92h	1777.14
1	208014819	0.215	gridss83fb_92h	gridss83fb_92o	1777.14
1	224646602	0.291	gridss89bf_129o	gridss89bf_129h	4860.77
1	224782794	0.357	gridss89fb_300o	gridss89fb_300h	6276.25
1	224786033	0.341	gridss89fb_300h	gridss89fb_300o	6276.25
1	224800119	0.296	gridss89bf_129h	gridss89bf_129o	4860.77
3	24565106	0.609	gridss207bb_2o	gridss207bb_2h	13695.02
3	24566180	0.352	gridss207bb_2h	gridss207bb_2o	13695.02
3	25199404	0.1	gridss207f_203b	.	882.67
3	25331583	0.149	gridss207b_238b	.	3424.27
3	25400601	0.154	gridss207fb_181o	gridss207fb_181h	5254.92
3	25401058	0.176	gridss207fb_184o	gridss207fb_184h	4556.81
3	26431917	0.286	gridss207bb_163o	gridss207bb_163h	6345.71
3	26663920	0.333	gridss207ff_208o	gridss207ff_208h	12983.54
3	26664498	0.46	gridss207ff_208h	gridss207ff_208o	12983.54
3	60132753	0.231	gridss221fb_91o	gridss221fb_91h	3113.75
3	60204542	0.236	gridss221fb_91h	gridss221fb_91o	3113.75
3	60204584	0.152	gridss221fb_100o	gridss221fb_100h	803.06
3	60204585	0.153	gridss221fb_100h	gridss221fb_100o	803.06
3	60204622	0.117	gridss221f_112b	.	521.08
3	60872123	0.25	gridss221fb_163o	gridss221fb_163h	3644.29
3	61013213	0.245	gridss221fb_163h	gridss221fb_163o	3644.29
3	186442174	0.06	gridss271fb_326o	gridss271fb_326h	789.6
3	186513632	0.055	gridss271fb_326h	gridss271fb_326o	789.6
4	66211956	0.359	gridss302bf_99o	gridss302bf_99h	2107.45
4	66212038	0.364	gridss302bf_99h	gridss302bf_99o	2107.45
4	187996320	0.372	gridss351bf_106o	gridss351bf_106h	2623.52
4	187996380	0.362	gridss351bf_106h	gridss351bf_106o	2623.52
5	28787995	0.542	gridss364fb_65o	gridss364fb_65h	3345.95
5	28963095	0.521	gridss364fb_65h	gridss364fb_65o	3345.95
5	178973287	0.575	gridss424fb_156o	gridss424fb_156h	7031.15
5	178973321	0.57	gridss424fb_156h	gridss424fb_156o	7031.15
6	26194039	0.431	gridss207bb_163h	gridss207bb_163o	6345.71
6	26194116	0.253	gridss435ff_118o	gridss435ff_118h	3880.05
6	26194405	0.31	gridss435ff_118h	gridss435ff_118o	3880.05
6	65298375	0.214	gridss451f_277b	.	1663.24
6	138774058	0.282	gridss480bb_60o	gridss480bb_60h	2744.39
6	138774180	0.284	gridss480ff_64o	gridss480ff_64h	3342.51
7	52440352	0.392	gridss514fb_182o	gridss514fb_182h	7840.24
7	52440386	0.392	gridss514fb_182h	gridss514fb_182o	7840.24
7	57471576	0.472	gridss516fb_427o	gridss516fb_427h	7540.4
7	57496109	0.511	gridss516fb_427h	gridss516fb_427o	7540.4
7	77981838	0.254	gridss525fb_57o	gridss525fb_57h	3590.63
7	78082248	0.252	gridss525fb_57h	gridss525fb_57o	3590.63
7	78190205	0.231	gridss525fb_75o	gridss525fb_75h	3148.99
7	78257685	0.249	gridss525fb_75h	gridss525fb_75o	3148.99
7	85844667	0.22	gridss528bf_22o	gridss528bf_22h	4129.85
7	85853699	0.229	gridss528bf_22h	gridss528bf_22o	4129.85
7	104485067	0.331	gridss535bf_81o	gridss535bf_81h	7525.08
7	104612300	0.322	gridss535bf_81h	gridss535bf_81o	7525.08
7	110393331	0.23	gridss538fb_15o	gridss538fb_15h	3522.52
7	110394460	0.222	gridss538fb_15h	gridss538fb_15o	3522.52
7	125746122	0.513	gridss544fb_65o	gridss544fb_65h	6728.99
7	126098488	0.494	gridss544bb_33o	gridss544bb_33h	6826.11
7	126166900	0.329	gridss544fb_65h	gridss544fb_65o	6728.99
7	126167442	0.297	gridss544bb_33h	gridss544bb_33o	6826.11
7	126167443	0.278	gridss544f_165b	.	3090.38
7	144088793	0.341	gridss551b_349b	.	3177.61
7	144090464	0.28	gridss551f_295b	.	2676.02
7	150746656	0.397	gridss554fb_106o	gridss554fb_106h	4525.53
8	78515533	0.073	gridss589fb_39o	gridss589fb_39h	474.28
8	78517419	0.051	gridss589bb_10o	gridss589bb_10h	437.18
8	78517776	0.07	gridss589fb_39h	gridss589fb_39o	474.28
8	78517776	0.043	gridss589ff_8o	gridss589ff_8h	222.31
8	78518235	0.043	gridss589ff_8h	gridss589ff_8o	222.31
8	78518239	0.052	gridss589bf_8o	gridss589bf_8h	441.86
8	112062418	0.062	gridss602fb_47o	gridss602fb_47h	710.32
8	112063211	0.044	gridss589bb_10h	gridss589bb_10o	437.18
8	112063329	0.047	gridss589bf_8h	gridss589bf_8o	441.86
8	112063581	0.068	gridss602fb_47h	gridss602fb_47o	710.32
8	131248115	0.157	gridss610bf_40o	gridss610bf_40h	1825.75
8	131274645	0.126	gridss610bf_40h	gridss610bf_40o	1825.75
9	28031834	0.526	gridss627ff_34o	gridss627ff_34h	3552.45
9	28031862	0.498	gridss627bb_34o	gridss627bb_34h	3247.45
9	28034297	0.491	gridss627fb_81o	gridss627fb_81h	2316.28
9	28034466	0.509	gridss627bb_34h	gridss627bb_34o	3247.45
9	28059139	0.574	gridss627ff_34h	gridss627ff_34o	3552.45
9	28157691	0.45	gridss627fb_81h	gridss627fb_81o	2316.28
9	30338964	0.423	gridss628b_169b	.	1346.18
10	7059510	0.349	gridss675bf_67o	gridss675bf_67h	3264.52
10	7132873	0.271	gridss675fb_329o	gridss675fb_329h	2795.68
10	7634372	0.222	gridss676bb_3o	gridss676bb_3h	2002.54
10	33386452	0.247	gridss686fb_82o	gridss686fb_82h	2301.5
10	36118407	0.015	gridss687ff_31o	gridss687ff_31h	164.56
10	36119060	0.267	gridss686fb_82h	gridss686fb_82o	2301.5
10	36119126	0.276	gridss34ff_107h	gridss34ff_107o	2454.77
10	55476345	0.133	gridss695fb_15o	gridss695fb_15h	525.95
10	55476897	0.138	gridss695fb_15h	gridss695fb_15o	525.95
10	60477223	0.433	gridss207fb_184h	gridss207fb_184o	4556.81
10	60477421	0.472	gridss697ff_11o	gridss697ff_11h	6154.84
10	83641805	0.159	gridss706fb_36o	gridss706fb_36h	884.39
10	83827665	0.14	gridss706fb_36h	gridss706fb_36o	884.39
10	86057424	0.023	gridss687ff_31h	gridss687ff_31o	164.56
10	89700298	0.993	gridss708fb_131o	gridss708fb_131h	6614.5
10	89712340	1	gridss708fb_131h	gridss708fb_131o	6614.5
11	37459924	0.064	gridss742bb_11o	gridss742bb_11h	428.49
11	37460102	0.049	gridss742ff_12o	gridss742ff_12h	388.72
11	40859238	0.051	gridss742ff_12h	gridss742ff_12o	388.72
11	40859858	0.066	gridss742bb_11h	gridss742bb_11o	428.49
11	80785599	0.468	gridss759fb_46o	gridss759fb_46h	4342.11
11	81093781	0.405	gridss759fb_46h	gridss759fb_46o	4342.11
12	72666891	0.339	gridss207fb_181h	gridss207fb_181o	5254.92
12	72667073	0.341	gridss697ff_11h	gridss697ff_11o	6154.84
12	92161145	0.291	gridss818fb_27o	gridss818fb_27h	2742.22
12	92161181	0.302	gridss818fb_27h	gridss818fb_27o	2742.22
12	129771776	0.349	gridss833f_280b	.	585.25
12	129771779	0.318	gridss833b_270b	.	1282.42
13	60557026	0.143	gridss859b_83b	.	959.13
14	41217952	0.084	gridss897bf_24o	gridss897bf_24h	875.2
14	41244105	0.08	gridss897bf_24h	gridss897bf_24o	875.2
14	73014648	0.532	gridss910bf_15o	gridss910bf_15h	4368.84
14	73014745	0.601	gridss910bf_15h	gridss910bf_15o	4368.84
15	23685606	0.144	gridss933bb_40o	gridss933bb_40h	1369.6
15	23686071	0.083	gridss933bb_41o	gridss933bb_41h	514.56
15	23706878	0.152	gridss933bf_69o	gridss933bf_69h	2504.24
15	23712617	0.185	gridss480ff_64h	gridss480ff_64o	3342.51
15	23717165	0.191	gridss480bb_60h	gridss480bb_60o	2744.39
15	23831658	0.296	gridss933ff_36o	gridss933ff_36h	5066.51
15	23992701	0.428	gridss933ff_36h	gridss933ff_36o	5066.51
15	41621293	0.425	gridss940bf_39o	gridss940bf_39h	3955.88
15	41628507	0.462	gridss940bf_39h	gridss940bf_39o	3955.88
15	84810724	0.417	gridss554fb_106h	gridss554fb_106o	4525.53
16	27036198	0.194	gridss976b_120b	.	612.56
16	58624544	1	gridss988fb_159o	gridss988fb_159h	6023.65
16	58663330	1	gridss988fb_159h	gridss988fb_159o	6023.65
16	78928635	0.513	gridss996fb_109o	gridss996fb_109h	3422.61
16	79095003	0.478	gridss996fb_109h	gridss996fb_109o	3422.61
18	9868616	0.205	gridss676bb_3h	gridss676bb_3o	2002.54
18	66379460	0.299	gridss1060fb_111o	gridss1060fb_111h	2414.34
18	66382826	0.259	gridss1060fb_111h	gridss1060fb_111o	2414.34
19	17396809	0.318	gridss675bf_67h	gridss675bf_67o	3264.52
19	17397641	0.265	gridss675fb_329h	gridss675fb_329o	2795.68
19	28300902	0.077	gridss79ff_102h	gridss79ff_102o	511.82
20	13160727	0.443	gridss1094fb_59o	gridss1094fb_59h	6231.55
20	13164100	0.507	gridss1094fb_59h	gridss1094fb_59o	6231.55
20	14962955	0.234	gridss1095fb_34o	gridss1095fb_34h	3325.98
20	14988823	0.137	gridss1095fb_35o	gridss1095fb_35h	1636.74
20	15000622	0.336	gridss1095fb_36o	gridss1095fb_36h	3354.89
20	15013842	0.369	gridss1095fb_36h	gridss1095fb_36o	3354.89
20	15013948	0.293	gridss1095fb_34h	gridss1095fb_34o	3325.98
20	15108817	0.106	gridss1095fb_35h	gridss1095fb_35o	1636.74
20	37274466	0.095	gridss933bb_41h	gridss933bb_41o	514.56
20	37274467	0.153	gridss933bb_40h	gridss933bb_40o	1369.6
20	37274666	0.144	gridss933bf_69h	gridss933bf_69o	2504.24
21	42818740	0.124	gridss1131fb_156o	gridss1131fb_156h	1114.21
21	42820833	0.127	gridss1131fb_156h	gridss1131fb_156o	1114.21
22	33759248	0.222	gridss1147fb_97o	gridss1147fb_97h	3228.9
22	33838398	0.274	gridss1147fb_97h	gridss1147fb_97o	3228.9
X	31196942	0.484	gridss1166fb_177o	gridss1166fb_177h	3468.47
X	31216210	0.44	gridss1166fb_177h	gridss1166fb_177o	3468.47
X	31301202	0.503	gridss1167fb_2o	gridss1167fb_2h	3559.36
X	32038749	0.491	gridss1167fb_2h	gridss1167fb_2o	3559.36
X	32077854	0.506	gridss1167fb_11o	gridss1167fb_11h	4144.53
X	32098531	0.943	gridss1167fb_14o	gridss1167fb_14h	2926.9
X	32201251	0.899	gridss1167fb_14h	gridss1167fb_14o	2926.9
X	32293096	0.526	gridss1167fb_11h	gridss1167fb_11o	4144.53
X	34059777	1.01	gridss1168fb_4o	gridss1168fb_4h	4983.57
X	34062704	1.01	gridss1168fb_4h	gridss1168fb_4o	4983.57
