chrom	pos	ref	alt	vaf
chr1	5091063	A	G	0.2605
chr1	5360608	A	T	0.291
chr1	8592542	G	A	0.735
chr1	14497149	C	T	0.5891
chr1	23387929	G	A	0.6935
chr1	27766371	C	T	0.2976
chr1	41087303	A	G	0.6658
chr1	62178196	C	T	0.3861
chr1	71549646	G	A	0.2324
chr1	77984155	C	T	0.2938
chr1	85889549	G	A	0.3041
chr1	147339238	A	G	1.0051
chr1	150521295	G	A	0.9875
chr1	158339810	A	G	0.2706
chr1	168136327	G	A	0.4712
chr1	169631020	C	T	1.0051
chr1	171307108	C	A	0.5913
chr1	172869999	C	T	1.0051
chr1	176695233	G	T	0.4774
chr1	183153707	C	T	1.0051
chr1	187085875	C	T	1.0051
chr1	189963891	C	T	0.1587
chr1	194901987	G	A	1.0051
chr1	195995949	G	A	1.0051
chr1	226967077	G	A	0.4961
chr1	240517569	G	A	0.0818
chr1	247623168	C	T	1.0052
chr2	1335877	C	T	0.6119
chr2	1479024	G	A	0.4293
chr2	2215525	G	A	0.6943
chr2	5067923	C	T	0.6525
chr2	16185002	G	A	0.3635
chr2	17071298	A	G	0.7714
chr2	31185378	G	T	0.5111
chr2	35475789	G	A	0.261
chr2	47323462	G	A	0.6001
chr2	49669927	G	A	0.7011
chr2	53197180	C	T	0.6134
chr2	67333741	T	C	0.8016
chr2	81736200	C	T	0.2237
chr2	82979428	G	T	0.7218
chr2	90361030	C	T	0.3071
chr2	96717263	G	A	0.6629
chr2	98965795	C	T	0.5922
chr2	110871941	C	T	0.6596
chr2	115858383	G	A	0.3859
chr2	119531519	C	T	0.4027
chr2	123018851	C	T	0.6854
chr2	125868034	C	T	0.3855
chr2	147226623	G	A	0.3583
chr2	147570573	G	A	0.6181
chr2	152163855	GG	AA	0.6635
chr2	157274652	C	T	0.7356
chr2	170137160	G	A	0.6943
chr2	178054577	G	A	0.106
chr2	178297631	A	G	0.7408
chr2	182251404	C	T	0.6589
chr2	187186312	C	T	0.3631
chr2	190742855	G	A	0.5958
chr2	192917523	G	A	0.321
chr2	209791069	C	T	0.1873
chr2	210750358	T	C	0.276
chr2	212436972	A	G	0.6871
chr2	217269573	G	A	0.2943
chr2	218419722	G	A	0.3451
chr2	222327170	G	A	0.3301
chr3	29121368	T	C	0.5094
chr3	35082614	C	T	0.5314
chr3	38265955	C	T	0.5369
chr3	61661403	C	G	0.4286
chr3	66897968	C	T	0.4648
chr3	75327892	G	T	0.4958
chr3	85498251	G	A	0.5157
chr3	87455665	G	A	0.4451
chr3	106982094	G	A	0.4268
chr3	109123391	C	T	0.4448
chr3	109595049	C	T	0.5264
chr3	123803407	G	A	0.529
chr3	128844173	C	T	0.4791
chr3	129719385	A	C	0.527
chr3	135582070	G	A	0.5662
chr3	146060759	C	T	0.4068
chr3	150715621	G	A	0.4906
chr3	154522671	T	A	0.2436
chr3	156015771	C	T	0.5598
chr3	159225198	G	A	0.4943
chr3	160644177	G	A	0.496
chr3	167861999	G	A	0.289
chr3	169095246	C	T	0.5226
chr3	171457166	T	G	0.429
chr3	178118187	C	T	0.4543
chr3	187261813	G	A	0.4621
chr3	193259943	C	A	0.5272
chr4	10780197	GG	AA	0.482
chr4	11858639	C	T	0.4591
chr4	21564567	G	T	0.4661
chr4	29543225	C	T	0.4328
chr4	30384041	A	G	0.5424
chr4	34199317	G	A	0.3968
chr4	41315180	C	T	0.505
chr4	58444827	G	A	0.5026
chr4	60763745	G	A	0.6602
chr4	67280983	C	T	0.6136
chr4	80445188	G	A	0.4188
chr4	91652405	C	T	0.5174
chr4	97392498	G	A	0.433
chr4	103253340	G	A	0.5174
chr4	110950964	C	T	0.489
chr4	110991335	TAACTGTATAAAAAGCTTTCTCATG	T	0.4506
chr4	116333454	G	GA	0.1909
chr4	117051834	A	C	0.4845
chr4	131245154	G	A	0.5194
chr4	140948394	C	A	0.4308
chr4	144733341	T	G	0.1058
chr4	163644449	C	T	0.5724
chr4	164143544	A	T	0.4021
chr4	164583806	G	T	0.5095
chr4	172219737	C	G	0.1414
chr4	176299497	G	A	0.4452
chr4	178470878	G	T	0.4859
chr4	182620978	G	A	0.5217
chr4	188275862	C	A	0.5603
chr5	12144493	G	A	1.0101
chr5	19142812	G	A	0.3066
chr5	20057281	G	A	1.0101
chr5	26116124	G	A	1.0101
chr5	26827125	C	T	1.0101
chr5	28316123	C	A	1.0101
chr5	83865661	C	T	1.01
chr5	89094616	C	T	1.01
chr5	98806946	G	A	1.01
chr5	128998707	C	T	1.01
chr5	146011378	C	T	0.9926
chr5	146109675	G	A	1.01
chr5	167080869	G	A	1.01
chr5	167726717	C	T	1.01
chr5	169160055	C	T	1.01
chr5	175311591	G	A	1.01
chr5	178981009	C	A	1.01
chr6	6082821	G	A	0.433
chr6	6262301	C	T	0.4835
chr6	11082869	G	T	0.4864
chr6	12416575	C	T	0.4951
chr6	50457452	C	T	0.5722
chr6	50522816	A	G	0.2477
chr6	54867359	C	T	0.5183
chr6	60764039	G	A	0.5218
chr6	77556007	T	G	0.2902
chr6	82277475	C	T	0.368
chr6	84330478	G	A	0.7244
chr6	91776378	T	G	0.2877
chr6	93753965	C	G	0.3941
chr6	94004112	G	A	0.3494
chr6	95425034	C	T	0.318
chr6	96825405	G	A	0.4378
chr6	103782351	G	C	0.6714
chr6	105973467	C	T	0.0853
chr6	110479571	C	T	0.3414
chr6	124296121	T	C	0.293
chr6	124660453	A	T	0.4071
chr6	166812903	C	T	0.3722
chr7	15921318	G	C	0.6106
chr7	24410684	G	A	0.4606
chr7	26490431	G	A	0.0661
chr7	34698439	G	A	0.3695
chr7	35421671	G	A	0.4599
chr7	39308098	C	T	0.3978
chr7	40823618	G	A	0.4964
chr7	49503097	C	A	0.2319
chr7	53253211	C	T	0.5025
chr7	54168918	C	T	0.4754
chr7	54742783	G	T	0.4738
chr7	57294923	G	A	0.5183
chr7	67910388	A	T	0.5088
chr7	71674987	C	T	0.4045
chr7	84794406	A	G	0.5025
chr7	87018133	C	A	0.5616
chr7	87367809	C	T	0.4774
chr7	95106245	C	T	0.5343
chr7	99793725	C	T	0.4453
chr7	114256303	C	T	0.5182
chr7	114758261	C	T	0.5226
chr7	120091052	C	T	0.5638
chr7	127012820	G	A	0.2902
chr7	127121759	G	A	0.6912
chr7	131744140	G	T	0.3575
chr7	140753336	A	T	0.6968
chr7	158333678	C	A	0.6428
chr8	4143369	C	T	0.3622
chr8	5249746	GG	AA	0.5766
chr8	14119475	GT	G	0.4285
chr8	15317470	G	T	0.5929
chr8	16033065	G	A	0.588
chr8	20325627	T	C	0.5153
chr8	20757132	C	T	0.3643
chr8	25026220	C	T	0.439
chr8	28726950	C	T	0.4204
chr8	32991856	C	T	0.567
chr8	34072034	T	C	0.4152
chr8	41666101	G	A	0.5775
chr8	50616810	C	A	0.503
chr8	56516420	G	A	0.3476
chr8	62304727	C	T	0.4438
chr8	63134899	C	T	0.4844
chr8	63294314	G	T	0.4401
chr8	64941126	G	A	0.4455
chr8	68398951	C	T	0.5198
chr8	70303398	G	A	0.4381
chr8	71284276	C	A	0.4618
chr8	79211030	C	T	0.6001
chr8	83323736	G	A	0.2817
chr8	83504553	G	A	0.503
chr8	83657369	C	T	0.556
chr8	91833117	G	A	0.5302
chr8	92623921	C	T	0.4772
chr8	105121776	G	A	0.4935
chr8	108329217	C	T	0.5417
chr8	109525583	C	T	0.4862
chr8	113791196	C	T	0.4354
chr8	115380250	C	T	0.4225
chr8	116230907	C	T	0.4163
chr8	122425136	G	A	0.4779
chr8	130999329	CC	TT	0.6108
chr8	134549286	A	C	0.561
chr9	12416846	C	T	1.0101
chr9	15644004	C	T	1.0101
chr9	19356952	C	T	1.0101
chr9	23559994	C	T	1.0101
chr9	24044992	G	T	1.0101
chr9	30596300	C	T	0.5946
chr9	40057704	C	T	0.4449
chr9	64938263	A	T	0.516
chr9	68497687	G	T	0.5252
chr9	79654879	C	T	0.4958
chr9	82756484	C	T	0.4663
chr9	88856359	A	G	0.4561
chr9	96066918	C	T	0.4898
chr9	98776564	C	T	0.5386
chr9	110832475	G	A	0.4584
chr9	118882633	C	T	0.3987
chr9	122484801	G	A	0.413
chr9	132874591	C	T	0.5914
chr9	137870139	G	T	0.3896
chr10	6837940	C	A	1.0101
chr10	8528553	C	T	0.37
chr10	22169119	C	T	0.7239
chr10	36817354	C	T	1.0103
chr10	57516186	C	G	0.4209
chr11	3540243	A	T	0.9869
chr11	4856961	C	T	1.0062
chr11	13310391	G	T	0.9895
chr11	39041441	C	T	1.0064
chr11	57063788	G	A	1.0069
chr11	66553655	G	A	0.9898
chr11	67711919	G	A	1.0069
chr11	120934001	G	A	1.007
chr11	124807068	C	T	1.007
chr11	128701421	C	T	1.007
chr11	131242848	G	A	1.007
chr12	13178817	G	A	0.773
chr12	25042558	C	A	0.6376
chr12	25085715	C	T	0.6938
chr12	26318394	G	A	0.6005
chr12	41168637	C	T	0.2168
chr12	43871780	C	T	0.3907
chr12	47466077	G	A	0.3146
chr12	47775069	C	T	0.3478
chr12	52717315	G	A	0.6514
chr12	59265571	A	C	0.1239
chr12	60830584	A	G	0.3306
chr12	68341256	C	T	0.6657
chr12	69917417	C	T	0.3915
chr12	70175434	C	T	0.7321
chr12	70525708	G	A	0.7215
chr12	75392202	C	T	0.6112
chr12	79257418	G	A	0.5972
chr12	80723163	C	T	0.6911
chr12	87593237	C	A	0.2206
chr12	101867370	G	A	0.3405
chr12	102271129	G	A	0.6359
chr12	105666922	G	T	0.7408
chr12	113021065	C	T	0.3356
chr12	119809209	G	C	0.1438
chr12	122230347	G	A	0.677
chr12	125817291	C	T	0.6566
chr13	26786583	G	A	0.4879
chr13	34395220	T	A	0.4864
chr13	34766863	G	A	0.5871
chr13	49815146	C	T	0.4292
chr13	52759417	C	T	0.4026
chr13	56455879	C	T	0.5149
chr13	73666361	C	T	0.5546
chr13	87057579	C	T	0.629
chr13	91539017	C	T	0.4529
chr13	101379481	G	A	0.6168
chr13	101614255	C	T	0.3947
chr13	102154181	C	A	0.5772
chr14	19773420	G	C	1.0067
chr14	37664729	G	A	1.0067
chr14	42639678	C	T	1.0067
chr14	44270671	G	A	1.0067
chr14	78530905	C	T	1.0067
chr14	82112442	C	T	1.0067
chr14	82588821	G	A	0.9894
chr14	86829835	G	A	1.0067
chr14	98366768	G	A	0.989
chr15	20281982	G	A	0.1658
chr15	21538442	G	A	0.3674
chr15	24720557	T	G	1.0101
chr15	36277463	C	T	0.9842
chr15	45396647	G	A	1.01
chr15	46955850	G	A	1.01
chr15	84855398	C	T	0.5855
chr15	89043819	G	A	0.5304
chr16	8180453	G	A	0.4099
chr16	8439622	G	T	0.3645
chr16	11629920	C	T	0.6167
chr16	21331880	C	A	0.631
chr16	22996146	C	T	0.411
chr16	23027397	G	A	0.3922
chr16	28289363	G	A	0.6347
chr16	31771656	G	A	0.324
chr16	46492774	G	A	1.0101
chr16	61889718	T	G	1.0102
chr16	79699999	G	A	1.0101
chr17	9844396	G	A	0.3071
chr17	16888732	G	T	0.6764
chr17	33699007	C	A	0.3635
chr17	42395157	G	A	0.3064
chr17	52314862	G	A	0.6134
chr17	52985912	T	TG	0.2562
chr17	59803082	C	T	0.7463
chr17	73727029	G	T	0.3407
chr17	74169047	C	T	0.375
chr18	606354	G	A	1.01
chr18	23700091	C	T	0.2952
chr18	28951747	C	T	0.6439
chr18	38588278	G	T	0.3736
chr18	41355946	G	A	0.2797
chr18	43294127	C	T	0.7833
chr18	44150117	G	A	0.7634
chr18	45638279	C	T	0.1678
chr18	48312456	G	A	0.2827
chr18	49154752	G	A	0.3159
chr18	51815489	A	G	0.7034
chr18	58346880	C	T	0.197
chr18	78117068	C	T	0.3288
chr19	1759333	C	T	0.2944
chr19	3405932	T	G	0.6234
chr19	8595651	C	T	0.751
chr19	17860980	C	T	0.7429
chr19	29135605	T	A	0.6526
chr19	30594479	C	T	0.625
chr19	34780255	C	T	0.6957
chr19	52420018	A	C	0.7398
chr19	58293877	C	T	0.3416
chr20	944280	C	T	0.5704
chr20	4612352	A	T	0.4958
chr20	10431352	A	T	0.399
chr20	11015783	C	T	0.5139
chr20	11861625	G	A	0.568
chr20	26383630	C	T	0.5782
chr20	37654469	G	A	0.5151
chr20	38233287	G	A	0.5082
chr20	47099744	G	A	0.4877
chr20	55954510	G	T	0.4578
chr21	8684642	G	T	0.3826
chr21	13453188	G	A	0.5958
chr21	15150425	C	T	0.3799
chr21	19281770	G	A	0.4027
chr21	23083315	C	T	0.6772
chr21	27407962	G	A	0.2852
chr21	29175626	G	C	0.6495
chr21	35289625	G	T	0.7418
chr21	40656875	G	A	0.7486
chr22	29735138	G	A	0.4568
chr22	39919185	C	A	0.5863
chrX	23694840	G	A	0.9665
chrX	44698345	C	A	1.0052
chrX	56424879	C	A	1.0052
chrX	56431348	CC	AT	0.59
chrX	56484028	C	T	1.0052
chrX	75506469	C	T	1.0052
chrX	78530350	G	A	1.0052
chrX	79020965	C	T	1.0052
chrX	81921788	T	A	1.0052
chrX	94770085	A	C	1.0052
chrX	105981039	C	T	1.0052
chrX	108458621	G	A	1.0052
chrX	122556128	G	A	1.0052
chrX	124134012	T	A	1.0052
chrX	140755568	C	T	1.0052
chrX	152316310	G	A	0.9278
